Variação (%),Investimento (US$),VPL (US$),TIR (%)
-20,36000000.0,69990376.00888619,45.67025835143445
-10,40500000.0,66075160.168667,40.993223998689956
0,45000000.0,62159944.32844778,37.131849852552925
20,54000000.0,54329512.64800938,31.070153625935284
40,62999999.99999999,46499080.967570975,26.497849320966782
