Variação (%),Incremento Fator Recuperação (pp),VPL (US$),TIR (%)
-40,9.0,15735402.498035578,19.16709474692807
-20,12.0,39194283.837348826,28.70103471097429
0,15.0,62159944.32844778,37.131849852552925
10,16.5,73639705.77042584,41.153504750121066
20,18.0,85119467.2124039,45.07600960791447
