Variação (%),Custo Operacional Variável (US$/barril),VPL (US$),TIR (%)
-15,6.8,65020887.67691563,38.17138943581338
-5,7.6,63113592.11127039,37.48258923884316
0,8.0,62159944.32844778,37.131849852552925
15,9.2,59299000.97997996,36.085739392988124
30,10.4,56438057.63151211,35.032664128117
