Variação (pp),TMA (%),VPL (US$)
-2,10,74282024.57587194
0,12,62159944.32844778
2,14,51961755.64985554
4,16,43324529.700547054
